"id","title","address","desc","data_detail","embedding","image","created_at","updated_at","category"
"3","Kuta Beach","Kuta, Badung","A popular beach with white sand and captivating sunsets. Kuta Beach is one of Bali's most famous and iconic tourist destinations, located in the southern region of Bali Island, precisely in Badung Regency. The beach is known for its beautiful soft white sand that stretches across the beach, making it an ideal place to relax, sunbathe, or play by the beach. Its fairly large and consistent waves make Kuta Beach one of the favorite locations for surfers, both beginners and experienced. In addition to its natural beauty, Kuta Beach is also famous for its stunning sunset views. Every afternoon, tourists from all over the world gather here to enjoy the stunning sunset on the western horizon.","Kuta Beach is one of the most iconic tourist destinations in Bali. Located on the southwestern coast of the island, this beach is known for its long stretch of soft white sand and waves ideal for surfing, especially for beginners. Beyond its natural charm, Kuta is also a vibrant entertainment hub, packed with cafes, restaurants, and beach bars offering a variety of food, drinks, and live music. The area is always buzzing with both international and local tourists. Kuta Beach is also a favorite spot to witness the breathtaking sunset. Visitors often gather in the late afternoon to watch the sky turn brilliant shades of orange and purple over the ocean horizon.",NULL,NULL,"2025-06-18 00:10:14","2025-06-18 00:20:30",NULL
"4","Tanah Lot Temple","Tabanan","A temple on a rock surrounded by the sea at high tide. Tanah Lot is a very famous sea temple and an icon of Bali tourism. Located on a large rock by the sea, it offers stunning sunset views. Tanah Lot also has a high spiritual value for Balinese Hindus. Tanah Lot Temple is one of the seven sea temples located along the west coast of Bali that serves as a protector of the island from the evil spirits of the sea. Founded in the 16th century by Dang Hyang Nirartha, a Hindu holy man, the temple worships the God of the sea, Lord Baruna. At high tide, the temple appears to separate from the land, creating a dramatic scene that is especially beautiful at sunset.","Tanah Lot is one of Bali’s most iconic and sacred tourist destinations, best known for its temple perched on a large offshore rock. During high tide, the temple appears as if it is floating in the ocean, creating a breathtaking and dramatic view, especially at sunset. Tanah Lot Temple is dedicated to Baruna, the sea god in Balinese Hindu belief, and holds deep spiritual significance for the local community. It is often used for important religious ceremonies and rituals. Aside from its religious importance, Tanah Lot attracts tourists from around the world due to its stunning coastal scenery. When the tide is low, visitors can walk closer to the temple and explore the rocky base.",NULL,NULL,"2025-06-18 00:10:14","2025-06-18 00:27:56",NULL
"5","Ubud Monkey Forest","Ubud, Gianyar","A protected forest with hundreds of monkeys and a sacred temple. Ubud Monkey Forest or Mandala Wisata Wenara Wana is a natural tropical forest in the center of Ubud inhabited by hundreds of long-tailed macaques. It also has an ancient temple and large trees that give it a mystical and serene feel, perfect for educational and spiritual tours. Monkey Forest is not just a place for recreation, but also has deep spiritual value. Inside there are three sacred temples: Pura Dalem Agung Padangtegal, Pura Beji, and Pura Prajapati. The architecture of these temples is typically Balinese, surrounded by large trees, stone statues overgrown with moss, and a peaceful and mystical atmosphere. Monkey Forest is not just a place for recreation, but also has deep spiritual value. Inside are three sacred temples: Pura Dalem Agung Padangtegal, Pura Beji, and Pura Prajapati. The architecture of these temples is typically Balinese, surrounded by large trees, stone statues overgrown with moss, and a peaceful and mystical atmosphere.","Ubud Monkey Forest, officially known as Mandala Wisata Wenara Wana, is one of Ubud’s most iconic attractions, blending wildlife conservation, cultural heritage, and spirituality. This forest sanctuary is home to over 1,200 free-roaming Balinese long-tailed monkeys (Macaca fascicularis) and spans approximately 12.5 hectares of lush greenery. Beyond its wildlife, the forest is also home to three ancient Hindu temples, still in active use by the local community. These temples feature intricate Balinese carvings and are set amidst towering trees, creating a serene and mystical atmosphere. Visitors can explore well-maintained walking paths, interact with monkeys (under strict guidelines), and experience the harmony of nature and culture that defines Ubud.",NULL,NULL,"2025-06-18 00:10:14","2025-06-18 00:10:14",NULL
"6","Tegallalang Rice Terrace","Tegallalang, Gianyar","A beautiful view of the rice terraces. Tegallalang is famous for its beautiful and iconic rice terraces. Located north of Ubud, this destination attracts many tourists who want to enjoy green panoramas, Instagramable photos, or try activities such as the giant swing (Bali Swing). Tegallalang's terraces are not only attractive to photographers and tourists, but also reflect local wisdom in managing agriculture and water. Visitors can walk the small paths between the rice fields, greet the local farmers, or simply sit at one of the cafes on the edge of the rice fields to enjoy the view.","Rice TerraceaTegallalang Rice Terrace is one of Bali’s most iconic and picturesque landscapes. Nestled in the lush highlands of Ubud, this area showcases stunning terraced rice fields, shaped by the centuries-old Subak irrigation system, which has been recognized as a UNESCO World Cultural Heritage. Its natural beauty makes it a favorite destination for travelers, nature lovers, and photographers. Visitors can walk along narrow paths that weave through the fields, breathe in the fresh mountain air, and relax at hillside cafés overlooking the lush green scenery. For thrill-seekers, there’s the famous Bali Swing, offering breathtaking views from above the terraces.

More than just a tourist site, Tegallalang reflects the traditional agrarian lifestyle of Balinese farmers who maintain their ancestral way of cultivating the land.",NULL,NULL,"2025-06-18 00:10:14","2025-06-18 00:10:14",NULL
"7","Ulun Danu Beratan Temple","Bedugul, Tabanan","An iconic temple on the shores of Lake Beratan. Pura Ulun Danu Beratan is a water temple located on the shores of Lake Beratan, Bedugul. The temple appears to float on top of the water when the lake rises, creating a very beautiful sight and often used as an icon of northern Bali tourism. A distinctive feature of this temple is its main building which appears to “float” above the surface of the lake during high tide, producing a mesmerizing reflection and becoming a favorite photo object for tourists. The temple complex consists of several meru buildings (stepped towers), each dedicated to various gods and goddesses. The Balinese architectural structure blends perfectly with the natural beauty of the mountains, lake, and well-landscaped flower gardens.","Pura Ulun Danu Beratan is one of Bali’s most iconic and picturesque Hindu temples, located on the shores of Lake Beratan in the Bedugul area. Built in the 17th century, this temple is dedicated to Dewi Danu, the goddess of water, lakes, and rivers, reflecting the Balinese reverence for nature and its elements.",NULL,NULL,"2025-06-18 00:10:14","2025-06-18 00:10:14",NULL
"8","Pandawa Beach","Kutuh, Badung","A hidden beach with limestone cliffs and clear water. Pandawa Beach is nestled behind limestone cliffs in the Kutuh area of Badung. The beach has clean white sand, calm waters and the iconic Pandawa Lima statues along the entrance road. The beach has clean white sand and clear blue waters, perfect for swimming, kayaking, or just relaxing under an umbrella while enjoying a young coconut. The calm waves make it family and kid-friendly. Along the beach is a row of local warungs and canoe rentals.","Pantai Pandawa, also known as Pandawa Beach, is a stunning coastal destination located on the southern coast of Bali, near the village of Kutuh. This beach is famous for its white sandy shores, clear turquoise waters, and dramatic limestone cliffs that create a natural, scenic backdrop.",NULL,NULL,"2025-06-18 00:10:14","2025-06-18 00:10:14",NULL
"9","Garuda Wisnu Kencana","Ungasan, Badung","A cultural park with a giant statue of Lord Vishnu. GWK Cultural Park is a cultural park famous for its giant statue of Lord Vishnu riding Garuda. This statue is one of the tallest in the world. It is also often used for cultural performances and art events. The park not only presents monumental artworks, but also provides cultural performance areas, museums, theaters, as well as open spaces for various national and international events. One of the regular cultural events that are often performed are Kecak Dance, Barong Dance, and Balinese gamelan performances.","Garuda Wisnu Kencana (GWK) is a monumental cultural park and landmark located on the Bukit Peninsula in southern Bali. The centerpiece of the park is a colossal statue depicting the Hindu god Vishnu riding the mythical bird Garuda, symbolizing power, protection, and spiritual harmony.",NULL,NULL,"2025-06-18 00:10:14","2025-06-18 00:10:14",NULL
"10","Sanur Beach","Sanur, Denpasar","A quiet beach with sunrise views. Sanur Beach is famous for its calm atmosphere and friendly waves for swimming or cycling along the coastal path. This beach is suitable for families and travelers looking for peace and quiet and to enjoy the sunrise. Sanur is also known as an older and historic tourist area. It was here that Bali's first hotel, Grand Inna Bali Beach, was built, and the area retains a classic, unpretentious Balinese feel. Sanur is also the main departure point to Nusa Penida and Nusa Lembongan Islands by fast boat.","Known for its tranquil atmosphere and rich cultural heritage, Sanur offers a unique blend of natural beauty and traditional Balinese charm. Unlike many western-facing beaches in Bali, Sanur provides an unobstructed view of the sun rising over the horizon, creating a picturesque and peaceful start to the day.",NULL,NULL,"2025-06-18 00:10:14","2025-06-18 00:10:14",NULL
"11","Tirta Empul Temple","Tampaksiring, Gianyar","A temple with a sacred pool for purification rituals. Tirta Empul is a holy temple famous for its holy water bathing pool. Balinese Hindus perform melukat (spiritual cleansing) rituals here. Located in the Tampaksiring area, this temple has a cool and sacred atmosphere. The main attraction of Tirta Empul is the sacred bathing pool with 30 showers where Hindus perform the ritual of melukat, which is spiritual self-purification. Visitors from all over the world, both Hindu and non-Hindu, come here to experience the peaceful atmosphere and perform this cleansing procession.","Tirta Empul is a famous Hindu water temple located near the town of Tampaksiring in central Bali, Indonesia. Established in 962 AD, this sacred site is renowned for its holy spring water, believed to have purifying properties. The temple complex is dedicated to Vishnu, the Hindu god of water and preservation.",NULL,NULL,"2025-06-18 00:10:14","2025-06-18 00:10:14",NULL
"12","Jimbaran Beach","Jimbaran, Badung","Beach with beachfront seafood restaurants. Jimbaran Beach is a white sandy beach famous for its beachfront seafood restaurants. It is very popular for romantic dinners while enjoying the beautiful sunset. Jimbaran is also an active traditional fishing village. Every morning, the fishermen bring their fresh catch to the fish market, which is then served at restaurants along the beach. You can choose your own fresh fish, shrimp, squid or mussels to be grilled and served with Balinese chili sauce and vegetables.","Pantai Jimbaran (Jimbaran Beach) is a beautiful and popular beach located on the southwestern coast of Bali, Indonesia. Known for its calm waters, wide sandy shore, and spectacular sunsets, Jimbaran Beach is a favorite destination for both tourists and locals seeking relaxation and great dining experiences.",NULL,NULL,"2025-06-18 00:10:14","2025-06-18 00:10:14",NULL
"13","Lempuyang Temple","Karangasem","Temple with “Gate of Heaven” and Mount Agung in the background. Lempuyang Temple is located in the east of Bali and is known as the ""Gate of Heaven"", where tourists can take pictures with Mount Agung in the background. This temple is one of the oldest and most sacred temples in Bali. Despite its Instagram fame, Lempuyang retains a high spiritual value. Tourists are advised to wear traditional Balinese clothing and be polite. The air in the area is cool, sometimes misty, adding to the sacred and magical impression of this place.","Pura Lempuyang, also known as Lempuyang Temple, is one of Bali’s oldest and most sacred Hindu temples, located on the slopes of Mount Lempuyang in East Bali. This temple is part of a complex of six temples spread along a hiking trail that ascends the mountain, offering spiritual significance and breathtaking views.",NULL,NULL,"2025-06-18 00:10:14","2025-06-18 00:10:14",NULL
"14","Batur Lake ","Kintamani, Bangli","Lake at the foot of Mount Batur with cool air. Lake Batur is a vast caldera lake located at the foot of Mount Batur, Kintamani. It offers stunning views of the mountains and lake, and is a favorite destination for trekking and enjoying the cool air. On the shores of the lake is also the unique village of Trunyan with its tradition of open burials. There are also natural hot springs such as Toya Devasya overlooking the lake. The combination of natural beauty, adventure activities and cultural heritage makes Lake Batur a must-visit destination in Central Bali.","Danau Batur, or Lake Batur, is the largest crater lake in Bali, located in the caldera of Mount Batur, an active volcano in the Bangli regency of central Bali. The lake sits at about 1,000 meters above sea level and covers an area of approximately 15.9 square kilometers, making it a significant natural landmark on the island.",NULL,NULL,"2025-06-18 00:10:14","2025-06-18 00:10:14",NULL
"15","Lovina Beach","Buleleng","Bali's north coast is famous for dolphin spotting. Lovina Beach is located in North Bali and is famous as a tourist spot to see wild dolphins in the open sea in the morning. The beach also has calm waves and a more peaceful atmosphere than the beaches in South Bali. Besides dolphin tours, Lovina is also close to Gitgit waterfall, Banjar hot springs, and several unspoiled snorkeling spots. The area is also the cultural center of North Bali, with many local music events and art galleries to explore.","Lovina Beach is a peaceful and laid-back coastal area located on the northern coast of Bali, Indonesia, in the Buleleng Regency. Unlike the bustling southern beaches, Lovina is known for its calm atmosphere, black volcanic sand, and slow-paced village life, making it a perfect destination for travelers seeking tranquility.",NULL,NULL,"2025-06-18 00:10:14","2025-06-18 00:10:14",NULL
"16","Nusa Dua Beach","Nusa Dua, Badung","A luxury resort with white sand beaches and calm waves. The beach has fine white sand, clear water, and world-class facilities such as luxury hotels and water sports arenas. Nusa Dua Beach is suitable for a relaxing vacation with family or honeymoon. Nusa Dua is perfect for family and honeymoon tours because of its peaceful atmosphere and complete facilities ranging from five-star hotels, golf courses, Bali Collection shopping centers, to museums such as the Pasifika Museum. The beaches are safe for swimming, kayaking, or simply taking a stroll on the pedestrian path that runs along the coast.","Pantai Nusa Dua is a prestigious and well-maintained beach area located on the southern coast of Bali, Indonesia. Known for its pristine white sand, clear turquoise waters, and calm sea conditions, Nusa Dua is a favorite destination for luxury travelers and families looking for a safe and relaxing beach experience.",NULL,NULL,"2025-06-18 00:10:14","2025-06-18 00:10:14",NULL
"17","Sekumpul Waterfall","Buleleng","A beautiful waterfall hidden in the north of Bali. Sekumpul is one of the most beautiful and highest waterfalls in Bali. Located in Buleleng, the waterfall is surrounded by dense forest and rice fields, and requires a bit of trekking to reach, but the view is worth it. The main waterfall rises to about 80 meters high, breaking into several streams that fall into a natural pool below. The air is cool, with a fine mist from the refreshing splashes of water, creating a very peaceful and spiritual atmosphere. Surrounded by tall trees and the sounds of nature, Sekumpul is a hidden paradise suitable for true nature lovers.","Sekumpul Waterfall is widely regarded as one of the most spectacular waterfalls in Bali, located in the northern region of the island, near the village of Sekumpul in Singaraja. This natural wonder is actually a collection of several waterfalls cascading down lush, green cliffs, creating a breathtaking and dramatic landscape.",NULL,NULL,"2025-06-18 00:10:14","2025-06-18 00:10:14",NULL
"18","Elephant Cave","Bedulu, Gianyar","An ancient cave archaeological site with stone carvings. Goa Gajah is an archaeological site located in Ubud and is known as “Gajah Cave” for its entrance decorated with carvings in the shape of a giant face. This place was once used for meditation by monks and still has high spiritual value. Goa Gajah is an ancient archaeological site located in Bedulu, Gianyar, about 10 minutes from the center of Ubud. It has high historical and spiritual value as it dates back to the 11th century and is believed to be a meditation place for ancient hermits. Although called “Goa Gajah”, this place has nothing to do with elephants literally. The name is likely derived from the statue of Ganesha (an elephant-headed deity) found inside the cave.","Goa Gajah, also known as the Elephant Cave, is a significant archaeological and spiritual site located near Ubud, Bali. Dating back to the 11th century, this cave temple was originally built as a sanctuary for meditation and spiritual retreat.",NULL,NULL,"2025-06-18 00:10:14","2025-06-18 00:10:14",NULL
"19","Besakih Temple","Karangasem","The largest and most important temple in Bali. Besakih Temple is the largest and most important temple in Bali, located on the slopes of Mount Agung. Also referred to as the “Mother Temple of Bali”, the temple consists of a vast temple complex and is the center of spiritual activities of Balinese Hindus. The temple is not only the center of the Balinese people's spiritual activities, but also the center of major religious ceremonies such as Eka Dasa Rudra, which is only performed once every hundred years. With magnificent architecture, these multi-storey temples are adorned with Balinese ornaments, carvings, and ceremonial decorations.","Pura Besakih, known as the “Mother Temple of Bali,” is the largest and holiest Hindu temple complex on the island. Situated on the slopes of Mount Agung, Bali’s highest and most sacred volcano, Besakih holds immense religious significance for the Balinese people.",NULL,NULL,"2025-06-18 00:10:14","2025-06-18 00:10:14",NULL
"20","Campuhan Hills","Ubud, Gianyar","Hiking trails with views of hills and rice fields. Campuhan Hill in Ubud is known for its beautiful trekking or jogging trails amidst green nature, hills and valleys. This place is very popular for photos and relaxation while enjoying nature. Campuhan Ridge Walk is perfect for morning activities such as walking, running, or even cycling while enjoying the fresh air and incredible natural scenery. There is no entrance fee, and the atmosphere is relatively quiet from the tourist crowds. At the end of the trail, you'll find traditional villages, art galleries, and hidden cafes serving organic food.","Bukit Campuhan, also known as Campuhan Ridge Walk, is a scenic ridge located in Ubud, Bali. It is famous for its stunning natural beauty, offering visitors a peaceful walking trail surrounded by lush greenery, rolling hills, and panoramic views of the Balinese countryside.

",NULL,NULL,"2025-06-18 00:10:14","2025-06-18 00:10:14",NULL
"21","Dreamland Beach","Pecatu, Badung","A beautiful beach with white sand and big waves. Dreamland Beach has clean white sand, big waves suitable for surfing, and towering coral cliffs. Located in the Pecatu area, this beach also offers charming sunset views. Access to the beach is quite steep, passing stairs and rocks, but all the effort pays off with the beauty of the beach. Dreamland is suitable for adventurers and those who enjoy natural beaches that are not too crowded.","Renowned for its white sandy shores, clear turquoise waters, and dramatic limestone cliffs, Dreamland Beach offers a more tranquil alternative to Bali’s busier southern beaches. The waves are powerful, making it less ideal for swimming.",NULL,NULL,"2025-06-18 00:10:14","2025-06-18 00:10:14",NULL
"22","Blue Lagoon Beach","Padangbai, Karangasem","A snorkeling spot with clear blue water. Blue Lagoon Beach in Padangbai is a hidden paradise famous for snorkeling. The water is clear, and the coral reefs are still natural. Suitable for lovers of the sea and a calm atmosphere away from the crowds. Marine life in Blue Lagoon is very diverse, ranging from clown fish, lionfish, to moray eels. The water is clear and the waves are relatively calm, making it suitable for swimming. Around the beach, there are snorkeling equipment rentals and local restaurants serving fresh seafood.","Blue Lagoon Beach is a hidden gem located in Padang Bai village, Manggis district, Karangasem regency, Bali. This beach is famous for its soft white sand, clear turquoise waters, and rich coral reefs teeming with marine life. Its relatively quiet location makes it an ideal spot for snorkeling, diving, and relaxing away from the crowds.",NULL,NULL,"2025-06-18 00:10:14","2025-06-18 00:10:14",NULL
"23","Yeh Leh Beach","Pekutatan, Jembrana, Bali.","Yeh Leh Beach is a hidden tourist destination in western Bali that offers unspoiled natural beauty and has not been touched by many tourists. The name “Yeh Leh” comes from the Balinese language, where ‘yeh’ means water and “leh” refers to the location or place where the water flows. This beach is unique because it is filled with large dark-colored boulders scattered along the coastline, creating an exotic view that is different from the typical white sand beaches in Bali. This beach is perfect for those of you who seek tranquility and want to enjoy a peaceful beach atmosphere without the crowds. The waves are quite large, making it a favorite among local surfers. In the evening, the sunset view at Yeh Leh is the main attraction, creating a romantic and calming atmosphere.","Yeh Leh Beach, also known as Yeh Leh Pengeragoan Beach, is a serene coastal gem located on the border of Tabanan and Jembrana regencies in west Bali. Positioned along the main Denpasar Gilimanuk route, it’s easily accessible and often serves as a scenic rest stop for road travelers.",NULL,NULL,"2025-06-18 04:34:59","2025-06-18 04:34:59",NULL
"27","Bali Safari & Marine Park","Gianyar, Bali","Located in Gianyar, Bali, and spanning approximately 40 hectares, Bali Safari & Marine Park was officially opened on November 13, 2007, and is operated by the Taman Safari Group. The park is home to over 1,000 animals from more than 100 species originating from Indonesia, India, and Africa including Sumatran tigers, lions, zebras, hippos, and Komodo dragons. Visitors can enjoy the Safari Journey, where they ride a special bus through different animal habitats. There are also up-close animal interactions, such as feeding predators, wildlife educational shows, and a marine aquarium.

The park offers a wide range of facilities, including a water zone, a Fun Zone amusement park, various restaurants, and a unique Night Safari experience. Within the park grounds, you’ll also find the Mara River Safari Lodge, an African-themed hotel that provides a safari-style stay.","Bali Safari & Marine Park takes you on an adventure through the natural habitats of animals from around the world — Africa, Asia, and Indonesia. The safari bus tour offers up-close interactions, such as feeding lions and tigers, and witnessing captivating educational shows. Children can enjoy the Water Play Zone and Fun Zone, making it a family-friendly destination. The African-themed lodges provide a unique experience of staying amidst exotic wildlife. With a mission of education and conservation, the park not only entertains but also raises awareness about the importance of protecting endangered species in a recreational setting.
",NULL,NULL,"2025-07-03 04:29:39","2025-07-03 04:29:39",NULL
"28","Padang Padang Beach","Pecatu, Badung","Located in the Pecatu region, on the southern side of the Bukit Peninsula, Padang Padang Beach is renowned for its powerful waves, making it an ideal spot for professional surfers. The Padang Padang Left surf break is considered one of the best surfing spots in the world. The beach also gained international recognition as a filming location for the movie Eat Pray Love (2010) starring Julia Roberts. Access to the beach is via a narrow staircase that winds through a gap in the limestone cliffs, adding a sense of adventure to the visit. Facilities at Padang Padang include traditional food stalls, surfboard rentals, and a small parking area. For faster access, GoBoat offers a 35-minute boat ride from Canggu to Uluwatu, passing by Padang Padang (also referred to as Nelayan Beach).","Padang Padang Beach is a hidden paradise for professional surfers, famous for its challenging ""Balinese Pipeline"" waves and dramatic cliffside scenery. Accessing the beach requires descending a narrow path carved into the cliffs, adding an adventurous touch to the journey. Nearby local stalls offer simple yet energizing food.
Beyond surfing, the beach radiates a tranquil charm the peaceful spirit of Bali is reflected in the sound of the waves and breeze whispering through the limestone cliffs.",NULL,NULL,"2025-07-03 04:35:00","2025-07-03 04:35:00",NULL
"29","Tanjung Benoa Beach","Badung, Bali","Tanjung Benoa Beach is located at the southeastern tip of Bali, just north of the luxurious Nusa Dua area. Known as the epicenter of marine tourism on the island, this beach offers an exciting blend of water sports, scenic beauty, and relaxed coastal charm making it a favorite among families, adventure seekers, and solo travelers alike.","Tanjung Benoa offers an exciting sea adventure experience from soaring parasailing to adrenaline-pumping banana boat rides, and even snorkeling with turtles. The beach is lined with official operators who ensure safety and comfort for families and solo travelers alike. After activities, relaxing while enjoying fresh seafood by the shore makes for the perfect way to unwind.",NULL,NULL,"2025-07-03 04:53:59","2025-07-03 04:53:59",NULL
"30","Tibumana Waterfall","Bangli, Bali","Tibumana Waterfall is a hidden gem in Bali, precisely in Apuan Village, Susut Sub-district, Bangli Regency. The waterfall has a height of about 20 meters and is also known as the Twin Waterfalls because it has two beautiful water flows, especially during the rainy season. Surrounded by lush green forest, this place offers a calm and cool atmosphere, perfect for unwinding. Visitors can enjoy the beauty of nature, play in the large pool, or just relax by the waterfall while enjoying the fresh air.","Tibumana Waterfall offers the beauty of twin cascades nestled within a serene forest landscape, making it a perfect spot for swimming and relaxing. The tranquil surroundings provide an ideal escape from the crowds, allowing visitors to enjoy the solitude of nature. Its easy access makes it perfect for families or anyone seeking a natural experience without strenuous hiking.",NULL,NULL,"2025-07-03 05:01:02","2025-07-03 05:01:02",NULL
"31","Tukad Cepung Waterfall","Bangli, Bali","Tukad Cepung Waterfall is a stunning natural tourist destination in Bali, renowned for its unique beauty where the waterfall cascades down through a crevice in high cliffs, creating the illusion of a ""waterfall from the sky."" Nestled between moss-covered cliffs and lush green trees, the setting adds a mystical and natural atmosphere. Visitors can enjoy the waterfall flowing into a natural pool, play in the water, and take photos around the area. The main attraction of Tukad Cepung Waterfall is the sunlight that streams through the opening above the cliffs, producing a breathtaking light effect on the waterfall and its surroundings. This makes the site extremely photogenic and popular among tourists, especially in clear weather.","Tukad Cepung is a hidden gem of a dimly lit waterfall, where sunlight streams through the cliff cave, creating a mystical atmosphere. The descent through the cave adds a sense of adventure before reaching the secluded natural pool. This spot is a must-visit for nature photography lovers seeking dramatic lighting and a unique backdrop unlike typical waterfalls.",NULL,NULL,"2025-07-03 05:08:06","2025-07-03 05:08:06",NULL
"32","Banyumala Waterfall","Buleleng, Bali","Banyumala Waterfall, also known as Banyumala Twin Waterfalls, is a natural tourist destination located in Wanagiri Village, Sukasada District, Buleleng Regency, Bali. This waterfall is famous for its beautiful twin streams that cascade from a height of approximately 37 meters, surrounded by lush green forest.

Visitors can enjoy the cool atmosphere and captivating scenery, as well as swim in the natural pool formed beneath the falls. Access to the location involves a short trek through the forest, adding a touch of adventure to the experience of exploring Bali’s natural beauty.","Banyumala is a natural oasis far from the crowds, offering the beauty of twin waterfalls surrounded by lush green forest. The tranquil atmosphere is perfect for a moment of meditation or a swim while listening to the soothing sound of water. The challenging location and uneven trail make the journey feel like a rewarding mini-adventure.",NULL,NULL,"2025-07-03 05:12:22","2025-07-03 05:12:22",NULL
"33","Museum Pasifika","Badung, Bali","Museum Pasifika is an art museum located in Nusa Dua, Bali, showcasing the rich arts and cultures of the Asia-Pacific region. The museum houses over 600 artworks by 200 artists from 25 countries across Asia and the Pacific, including paintings, sculptures, and other cultural artifacts.Established in 2006, Museum Pasifika was created as a cultural and artistic hub that presents the diverse styles and artistic expressions of the Asia-Pacific region. It aims to educate and promote appreciation of these works of art to the broader public. Visitors are offered a unique experience to explore the beauty and diversity of Asia-Pacific art and culture. The museum’s collection spans various styles and genres—from classical paintings to contemporary artworks. In addition to its permanent exhibitions, Museum Pasifika regularly holds temporary exhibitions, art workshops, and cultural events designed to deepen visitors’ understanding of Asia-Pacific heritage. It has also served as a venue for both national and international art events.","Museum Pasifika offers a cross-cultural journey through hundreds of artworks from Asia and the Pacific. Thematic galleries help visitors understand the artistic diversity of the region. It’s perfect for those looking to add a cultural dimension to their visit to Bali.",NULL,NULL,"2025-07-03 05:16:34","2025-07-03 05:16:34",NULL
"34","Museum Gedong Arca Bedulu","Gianyar, Bali","Gedong Arca Museum in Bedulu, Gianyar, is Bali’s foremost archaeological museum, dedicated to preserving and showcasing the island’s prehistoric and historic heritage. The museum houses an extensive collection of over 185 ancient artifacts, ranging from stone tools, ceramics, and inscriptions to sarcophagi and statues—many of which were excavated from archaeological sites across Bali. Established with the mission to conserve Bali’s cultural heritage, Gedong Arca Museum is organized into several exhibition halls and protective pavilions. Among its highlights are prehistoric burial jars, stone sarcophagi, and hand axes, which provide a glimpse into Bali’s early human civilization. The museum also displays ceramics from various Chinese dynasties, reflecting the island’s historic trade connections. In addition to its role as a cultural repository, Gedong Arca serves as a vital research and education center, offering valuable insights into Balinese life through the ages. Whether you're a student of history or a curious traveler, the museum presents a compelling narrative of Bali's development from the Neolithic period through the Hindu Buddhist kingdoms.","Gedong Arca takes you on a journey through Bali’s ancient past, showcasing archaeological relics and ancient statues. The traditional Balinese architecture of the complex enhances the authentic atmosphere while exploring the prehistoric collection. It is an ideal destination for history and culture enthusiasts seeking to uncover the origins of Balinese society.",NULL,NULL,"2025-07-03 05:19:23","2025-07-03 05:19:23",NULL
"35","Museum Rudana","Gianyar, bali","Rudana Museum, located in Ubud, Bali, is a renowned fine art museum that celebrates the richness of Indonesian and Balinese artistic heritage. Founded by art patron and collector I Nyoman Rudana, the museum showcases a wide collection of paintings and sculptures by notable Balinese, Indonesian, and foreign artists who have lived and worked in Bali. The museum is housed in a three-story building that embodies traditional Balinese philosophical concepts Tri Angga, Tri Mandala, and Tri Loka which symbolize balance and harmony in architecture and spiritual life. This structure is not only a gallery but also a cultural symbol, with its red brick and white paras stone façade echoing the colors of the Indonesian flag. Visitors can explore works by legendary Balinese artists like I Gusti Nyoman Lempad, Nyoman Gunarsa, and Made Wianta, as well as renowned Indonesian masters such as Affandi, Basuki Abdullah, and Srihadi Soedarsono. The museum also features works from international artists, including Antonio Blanco and Arie Smit, whose styles were deeply influenced by Bali’s culture and landscape. In addition to the museum, the site includes the Rudana Fine Art Gallery, which presents more contemporary artworks, making the complex a dynamic space for both historical appreciation and modern artistic expression. With its serene ambiance, traditional architecture, and culturally significant collection, Rudana Museum offers a deep and enriching experience for art lovers and cultural explorers alike.","Rudana is an art gallery that embodies the Balinese philosophy of life balance, showcasing both contemporary and classical paintings. The building blends harmoniously with nature, creating a serene and inspiring atmosphere for appreciating art. It's a must-visit destination for art lovers seeking to explore the creative side of both modern and traditional Bali.",NULL,NULL,"2025-07-03 05:22:42","2025-07-03 05:22:42",NULL
"36","Museum Le Mayeur","Denpasar Selatan, Bali","Le Mayeur Museum is a fine art museum located in Sanur, Denpasar, Bali, housed in the former residence of Belgian painter Adrien-Jean Le Mayeur de Merpres and his Balinese wife, Ni Pollok, a renowned traditional dancer. The museum offers a deeply personal glimpse into the life and artistic journey of Le Mayeur, who settled in Bali in the 1930s and found profound inspiration in the island’s culture and natural beauty. The museum exhibits over 80 original paintings, primarily in Impressionist style, portraying everyday Balinese life, temple ceremonies, and the elegance of Balinese women most notably, his muse and wife, Ni Pollok. His vibrant use of color and light captures the essence of Balinese tropical warmth and cultural richness. Architecturally, the museum reflects traditional Balinese design, featuring intricately carved wooden doors, detailed stonework, and lush tropical gardens. At the museum entrance, statues of Le Mayeur and Ni Pollok stand as a tribute to their enduring love story and cultural legacy. Le Mayeur Museum is not only a place for art appreciation but also a historical and romantic landmark, preserving the unique story of a Western artist who deeply embraced Balinese life. It remains one of Bali’s most charming educational and cultural attractions, perfect for art enthusiasts, historians, and those drawn to stories of love, culture, and creativity.","Le Mayeur Museum invites you into the visual world of a painter who fell in love with Bali, showcasing dozens of beautiful paintings depicting local landscapes and culture. Housed in a beachfront residence, the artworks feel personal and intimate. It's a perfect destination for those who appreciate figurative art and the story of a foreign artist inspired by Bali’s beauty.",NULL,NULL,"2025-07-03 05:25:10","2025-07-03 05:25:10",NULL
"37","Luhur Batukaru Temple","Tabanan, Bali","Pura Luhur Batukaru is one of the most sacred temples in Bali, located on the western slopes of Mount Batukaru in Tabanan Regency. It is part of the Sad Kahyangan Jagat, the six main temples believed to maintain the spiritual balance of the island. The temple is dedicated to Dewa Mahadewa, worshipped in his manifestation as Ratu Hyang Tumuwuh, the god who governs fertility and water sources.

Known for its tranquil and cool atmosphere, Pura Luhur Batukaru sits at a high elevation surrounded by dense tropical forest and sacred natural springs. This unique setting makes it not only spiritually significant but also ecologically important. The temple complex includes several courtyards and ancient structures, with origins believed to date back to the 10th to 12th centuries, giving it substantial historical and archaeological value. In addition to its role as a place of worship, the temple also serves as a center for environmental and cultural preservation, and hosts various important ceremonies, particularly those related to agriculture, livelihoods, and the balance of life. Locals frequently visit the temple to pray for safety, fertility, and spiritual protection for their communities. Set against a backdrop of lush mountain forest and radiating a powerful spiritual aura, Pura Luhur Batukaru attracts not only Hindu devotees but also travelers seeking peace and an authentic spiritual experience amidst Bali’s pristine nature.","Pura Luhur Batukaru is a sacred temple and spiritual protector of Bali, nestled within the rainforest on the slopes of Mount Batukaru. Its graceful meru towers and tranquil atmosphere enhance the spiritual experience and foster a deep connection with nature. The cool, mystical surroundings make it an ideal destination for those seeking peace and the serene beauty of a traditional Balinese temple.",NULL,NULL,"2025-07-03 05:27:28","2025-07-03 05:27:28",NULL
"38","Tegenungan Waterfall","Gianyar, Bali","Tegenungan Waterfall is one of the most popular waterfalls in Bali, located in Kemenuh Village, Sukawati District, Gianyar. Surrounded by lush green trees and stunning rocky cliffs, the area offers a refreshing and serene natural atmosphere. Unlike many other waterfalls in Bali that are found in the mountains, Tegenungan is easily accessible due to its close proximity to Ubud’s town center. Visitors can enjoy the powerful waterfall views, swim in the natural pool, or take photos at the many Instagrammable spots around the site. This destination is perfect for travelers seeking a peaceful nature escape without the need for long journeys or intense trekking.","Tegenungan Waterfall is an easily accessible oasis near Ubud, offering dramatic cascading views and a natural pool perfect for swimming. With a relatively easy trail and several scenic viewpoints, this destination suits all types of visitors—from families to solo travelers. The tropical air and nearby light trekking activities make for a refreshing and satisfying short getaway.",NULL,NULL,"2025-07-03 05:31:03","2025-07-03 05:31:03",NULL
"39","Gunung Payung Beach","Badung, Bsli","Gunung Payung Beach is a hidden paradise in southern Bali, located in the village of Kutuh, Badung. Surrounded by dramatic karst cliffs and lush natural vegetation, the beach offers a peaceful atmosphere, far removed from the hustle and bustle of typical tourist areas. A narrow footpath and stairway lead down to its soft white sand, creating a sense of adventure before you reach the shoreline, where turquoise waters stretch out before you. The calm waves make it ideal for swimming or simply relaxing, perhaps with a cup of hot chocolate or fresh coconut in hand by the shore. In the late afternoon, Gunung Payung is often chosen as a perfect spot to watch the stunning sunset, adding to the magical experience of this secluded coastal gem.","Gunung Payung Beach is a haven of serenity, hidden behind dramatic karst cliffs and adorned with a picturesque staircase that leads to soft, pristine white sands. Its secluded atmosphere makes it perfect for unwinding, swimming, or enjoying a peaceful picnic while soaking in the ocean breeze and stunning cliffside views. Although the access involves descending hundreds of steps, the tranquility and natural beauty awaiting at the bottom make the journey more than worthwhile.",NULL,NULL,"2025-07-03 05:32:46","2025-07-03 05:32:46",NULL
"40","Nyang Nyang Beach","Uluwatu, Bali","Nyang Nyang Beach is one of the most enchanting hidden beaches in the Uluwatu area of Bali, known for its 1.5 kilometer stretch of pristine white sand and towering green cliffs that frame the coastline beautifully. Accessing this beach is a bit challenging visitors must descend approximately 500 stone steps through a rocky, forested path, but the effort is well worth it once you reach the vast sandy shore and crystal-clear blue waters. The waves at Nyang Nyang Beach are quite strong, making it a favorite spot for experienced surfers. However, swimming requires caution due to powerful currents and the absence of lifeguards. Aside from the breathtaking scenery, many visitors come to explore a shipwreck adorned with colorful graffiti, camp overnight, or simply relax and enjoy the serene atmosphere, far removed from the bustling tourist spots. This location is ideal for adventurers and nature lovers seeking peace, natural aesthetics, and a touch of challenge on their journey to this hidden paradise in Bali’s southernmost region.","Nyang Nyang Beach is a wild and rarely visited coastline, offering a pure and immersive natural Bali experience.
The trek down to the beach takes you through rolling hills, revealing scenic views and a strong sense of adventure. Perfect for long sunbathing sessions, dramatic photography, or even camping with a bonfire, this untouched beach exudes serenity far from the crowds.",NULL,NULL,"2025-07-03 05:37:52","2025-07-03 05:37:52",NULL
"41","Balian Beach","Tabanan, Bali","Balian Beach is located on the western coast of Bali, right at the mouth of the Balian River in Lalanglinggah Village, Selemadeg Barat District, Tabanan. This tranquil beach features soft black volcanic sand stretching along approximately 2 kilometers, offering a peaceful atmosphere far from the crowds of South Bali. Balian is especially popular among surfers, thanks to its year-round consistent waves, ranging from knee-high to triple overhead, with several reef breaks suitable for both beginners and professional surfers. The freshwater flow from the Balian River meeting the ocean creates a natural channel, enhancing the surfing experience and adding to the unique coastal scenery. In addition to surfing, visitors can enjoy yoga sessions, sunbathing, or simply reading by the beach while soaking in the stunning sunset views. Simple warungs and local cafes serve Indonesian dishes and refreshing drinks, while accommodation options ranging from homestays and villas to surf camps are conveniently located near the beach. Access to Balian Beach is relatively easy from Denpasar or Ngurah Rai International Airport, taking about 1.5 to 2 hours by car, although the last 20 minutes involve winding roads with occasional potholes.","Balian Beach offers a raw and natural atmosphere with volcanic black sand and long waves, making it a perfect spot for surfing. The surrounding fishing village adds to the authenticity of West Bali peaceful, genuine, and far from tourist crowds. It’s an ideal place for a retreat, meditation, or simply enjoying a beautiful, untouched seaside sunset.",NULL,NULL,"2025-07-03 05:42:53","2025-07-03 05:42:53",NULL
"42","Menjangan Island (West Bali National Park)","Buleleng, Bali","Menjangan Island, literally meaning “Deer Island,” is a hidden gem located in the northwestern tip of Bali, within the protected boundaries of West Bali National Park. This uninhabited island is named after the wild Bali stags (rusa) that frequently swim across from the mainland and roam freely across its coastal forests and pristine white-sand beaches. Renowned as one of the top diving and snorkeling destinations in Southeast Asia, Menjangan boasts crystal-clear waters with visibility up to 50 meters, vibrant coral gardens, dramatic coral wall drop-offs, and iconic dive spots such as Eel Garden, Anchor Wreck, and Pos Dua. The marine biodiversity here is exceptional, home to colorful reef fish, sea turtles, and occasional reef sharks. Beyond its underwater marvels, the island offers light trekking trails, wildlife observation, and spiritual visits to sacred sites like Pura Giri Putri, adding layers of cultural and ecological richness. Access to Menjangan is typically by small boat from Labuan Lalang or Gilimanuk, with a journey time of around 30–45 minutes. Because it lies within a national park, visits usually require official permits and a licensed guide. With its perfect blend of eco-tourism, marine and terrestrial biodiversity, and cultural heritage, Menjangan Island is an ideal destination for nature lovers, divers, snorkelers, and those seeking a tranquil Bali experience far from the crowds.","Pulau Menjangan offers an underwater paradise with dramatic wall reefs and exotic wreck dives, perfect for both beginner and experienced divers.
With exceptional visibility and abundant marine life including gorgonian sea fans, turtles, reef sharks, and occasionally the elusive mola-mola the diving experience here is truly mesmerizing. Often visited as a day trip from Bali, this protected conservation area is a must-visit destination for diving and snorkeling, offering pristine natural beauty both above and below the water.",NULL,NULL,"2025-07-03 05:51:30","2025-07-03 05:51:30",NULL
"43","Peguyangan Waterfall (Nusa Penida)","Nusa Penida, Bali","Peguyangan Waterfall, also known as Guyangan Waterfall, is located in Batukandik Village, on the southeastern coast of Nusa Penida, part of Klungkung Regency, Bali. This hidden gem offers not just a waterfall, but a sacred spring nestled between steep cliffs with breathtaking ocean views. To reach Peguyangan Waterfall, travelers usually start from Toya Pakeh Harbor or take the western route of the island. From there, continue straight to Batukandik Village and follow the main road until you see signs pointing to the waterfall. One of the highlights of visiting Peguyangan is the iconic blue stairway that clings dramatically to the cliffside, leading you down hundreds of steps with stunning views of the Indian Ocean. At the bottom, you’ll find a holy spring and a small temple where locals often perform purification rituals. It’s a unique combination of spiritual and natural beauty, making it a must-visit spot in Nusa Penida.","Peguyangan offers a blend of spirituality and adventure, where visitors descend hundreds of steep cliffside steps to reach a sacred spring and a small temple. The ocean view behind the waterfall creates a dramatic and unforgettable backdrop. Once at the bottom, visitors can soak in the natural pools for spiritual cleansing while enjoying the breathtaking seascape.",NULL,NULL,"2025-07-03 05:56:04","2025-07-03 05:56:04",NULL
"44","Gitgit Waterfall","Buleleng, Bali","Gitgit Waterfall, located in Gitgit Village, Sukasada District, Buleleng Regency, is one of the most famous waterfalls in North Bali. Standing at approximately 35 meters tall, the waterfall is surrounded by lush tropical forest, creating a cool and serene atmosphere. Visitors can reach the waterfall by trekking along a scenic footpath that winds through plantations and dense jungle, offering a pleasant and immersive nature walk. Upon arrival, the roaring sound of cascading water and the stunning natural landscape provide a rewarding experience. Gitgit Waterfall is a popular destination for those seeking natural beauty, tranquility, and a refreshing escape into Bali’s northern highlands.","Gitgit Waterfall is a popular destination thanks to its natural beauty and easy accessibility just a few minutes’ walk from the parking area.
The powerful cascade creates a dramatic backdrop for photos, and the natural pool at the base invites visitors to enjoy a relaxing swim.
Surrounded by lush tropical greenery, Gitgit is an ideal spot to take a refreshing break while exploring North Bali.",NULL,NULL,"2025-07-03 06:21:11","2025-07-03 06:21:11",NULL
"45","Batur Mount","Bangli, Bali","Mount Batur is an active volcano located in Kintamani District, Bangli Regency, Bali. It features two concentric calderas formed by massive eruptions in the past—the outer caldera measures 10 by 13 kilometers, while the inner one spans 7.5 kilometers. Within the outer caldera lies Lake Batur, the largest lake in Bali. Standing at 1,717 meters above sea level, Mount Batur is one of the highest mountains in Bali and a favorite destination for sunrise trekking and nature enthusiasts. The panoramic views from the summit are breathtaking, especially during the early morning hours. Since 1804, the volcano has erupted several times, with the most significant eruption occurring in 1926, which buried the ancient village of Batur under black lava. Today, the mountain remains a symbol of both natural beauty and geological power, attracting adventurers and travelers from around the world.","Mount Batur offers an unforgettable hiking experience to the summit of an active caldera, where you can witness a spectacular sunrise overlooking Lake Batur and the surrounding landscape.
The trek is relatively beginner-friendly, featuring light paved trails and small local warungs (stalls) along the way.
After the descent, you can unwind in a natural hot spring, ending your adventure with a relaxing soak amid the cool mountain air and volcanic scenery.",NULL,NULL,"2025-07-03 06:26:10","2025-07-03 06:26:10",NULL
"46","Tirta Gangga","Jalan Raya Abang, Karangasem","Explore the beauty of Tirta Gangga, a stunning water palace built by the former Kingdom of Karangasem. Enjoy the tranquil atmosphere as you walk across crystal clear ponds filled with koi fish, surrounded by lush tropical gardens and majestic statues of gods. This site is a perfect blend of historical grandeur and natural beauty, making it ideal for relaxation and photography.","Tirta Gangga, which literally means ""Water from the Ganges River,"" is a 1.2 hectare water palace complex built in 1946 by the last King of Karangasem, Anak Agung Anglurah Ketut Karangasem. The site was destroyed by the eruption of Mount Agung in 1963 but has since been meticulously restored. Its architecture is a unique blend of Balinese and Chinese styles. The main features include an eleven tiered fountain, decorative ponds with stepping stones that allow visitors to ""walk on water,"" and a bathing pool filled with natural spring water considered sacred by the local community.
",NULL,NULL,"2025-07-03 12:53:48","2025-07-03 13:15:46",NULL
"47","Ujung Water Palace","Jalan Raya Tumbu, Karangasem","Visit Ujung Water Palace, a majestic water palace on Bali’s eastern coast that elegantly blends Balinese and European architecture. Surrounded by expansive ponds, artistic bridges, and historic pavilions, this palace offers stunning sea views on one side and the majestic backdrop of Mount Agung on the other.","Taman Ujung, also known as the Water Palace, was built in 1909 by the same King of Karangasem who constructed Tirta Gangga. Originally, the complex was much larger, but much of it was damaged by the eruption of Mount Agung and subsequent earthquakes. The complex features three large pools, with the main structure called ""Gili Bale"" located in the center of the main pool. This building is connected to the pool’s edge by grand bridges. Visitors can climb to the top of the highest pillar to enjoy a breathtaking 360 degree view of the entire area, including the Lombok Strait.
",NULL,NULL,"2025-07-03 12:55:17","2025-07-03 13:16:48",NULL
"48","Jatiluwih Rice Terraces","Desa Jatiluwih, Tabanan","Witness the spectacular panorama of the Jatiluwih Rice Terraces, a masterpiece of the Subak irrigation system recognized as a UNESCO World Cultural Heritage Site. This vast expanse of terraced rice fields stretches as far as the eye can see, offering soothing green landscapes and fresh mountain air making it a true paradise for nature lovers, photographers, and anyone seeking genuine tranquility in Bali.","Jatiluwih spans over 600 hectares of terraced rice fields located on the slopes of Mount Batukaru. The *subak* irrigation system used here is a reflection of the **Tri Hita Karana** philosophy, which promotes harmony between humans, nature, and the divine. Unlike the steeper and more crowded Tegallalang, Jatiluwih offers a broader landscape and a more tranquil atmosphere. Visitors can go trekking along designated trails, rent a bicycle, or simply relax at one of the cafés while enjoying the scenic view. Situated at an elevation of around 700 meters above sea level, the area enjoys a cool climate throughout the year.
",NULL,NULL,"2025-07-03 12:57:09","2025-07-03 13:18:06",NULL
"49","Kelingking Beach","Desa Bunga Mekar, Klungkung","Kelingking Beach has become a global phenomenon thanks to social media. Its iconic cliff-top view is the main attraction, offering a breathtaking panorama that resembles the shape of a T-Rex head when seen from above. For adventurous travelers, descending the steep trail to the beach is a unique experience in itself. The journey down takes about 40–60 minutes, using simple bamboo stairs and rope handrails. At the bottom, visitors are rewarded with a pristine white sand beach and powerful waves, making it unsafe to swim too far out. The name “Kelingking” means “pinky finger” in Indonesian, referring to the shape of the cliff from a distance.","Discover the most iconic view in Nusa Penida at Kelingking Beach, where towering limestone cliffs form a dramatic silhouette resembling a T-Rex. From the top, you’ll be treated to a breathtaking panorama of turquoise blue ocean and a hidden white-sand beach below. A sight that will forever be etched in your memory.
",NULL,NULL,"2025-07-03 12:57:53","2025-07-03 13:20:07",NULL
"50","Tenganan Pegringsingan","Tenganan, Karangasem","Tenganan is a living example of pre-Majapahit Balinese culture. The community adheres to a strict set of traditional laws known as awig-awig, which govern all aspects of life from marriage to religious ceremonies. The village is especially renowned for its double ikat woven cloth called Gringsing, believed to have magical powers to ward off misfortune. The weaving process is highly intricate and can take several years to complete. The layout of the village is linear, with public buildings and temples located in the center, flanked by residential homes on either side reflecting the community's structured and communal way of life.","Step back in time at Tenganan Pegringsingan Village, one of the oldest Bali Aga (ancient Balinese) villages on the island. Experience a way of life deeply rooted in ancestral traditions, with a unique village layout, well-preserved traditional houses, and the rare and magical art of Gringsing double ikat weaving.
",NULL,NULL,"2025-07-03 12:58:41","2025-07-06 06:01:51",NULL
"51","Angel's Billabong ","Nusa Penida, Klungkung","Angel’s Billabong features crystal-clear water that offers a breathtaking natural view. Its exceptional clarity allows visitors to clearly see the seabed, adorned with colorful coral reefs and various marine life dancing beneath the surface.This natural infinity pool is also an ideal spot for nature photography enthusiasts. The transparent water creates a perfect setting for capturing the surrounding beauty. The combination of rugged cliffs, clear waters, and the blue sky forms a visually stunning composition that draws photographers and nature lovers alike.","In addition, Angel's Billabong features a stunning natural infinity pool. Visitors can relax and swim in the crystal clear waters while enjoying the refreshing atmosphere. The pool is also home to various species of small fish swimming freely. For snorkeling enthusiasts, this is a golden opportunity to explore the beautiful underwater scenery.
",NULL,NULL,"2025-07-03 12:59:18","2025-07-03 13:37:27",NULL
"52","Waterbom Bali","Jalan Kartika Plaza, Tuban, Badung","Waterbom Bali spans 3.8 hectares and is operated with a strong commitment to environmental sustainability, with over 50% of the park dedicated to green space. The park features more than 20 slides and attractions, categorized into Mellow, Moderate, and Extreme levels. Some of its most popular rides include Smashdown 2.0, Pipeline, and Boomerang. In addition to water rides, the park also offers various amenities such as gazebos, lockers, restaurants, and a swim-up bar, making it a complete recreational experience for visitors of all ages.","Spend a fun-filled day at Waterbom Bali, a world-class waterpark crowned as the best in Asia! Challenge your adrenaline on extreme slides like The Climax, or relax with the family in the lazy river and kid-friendly attractions. Surrounded by lush tropical gardens, Waterbom offers a refreshing and unforgettable experience for all ages.
",NULL,NULL,"2025-07-03 12:59:58","2025-07-03 13:25:28",NULL
"53","Sidemen Valley","Kecamatan Sidemen, Karangasem, Bali","Sidemen is often compared to what Ubud was in the past—offering a quieter and more immersive cultural and natural experience. Rather than being a single destination, Sidemen is a wide area composed of several traditional villages. The main activities here include trekking through rice fields and hills, learning traditional songket weaving, taking Balinese cooking classes, or practicing yoga and meditation at one of the many available retreats. The view of Mount Agung from this valley is considered one of the most breathtaking in Bali.","Experience the authentic charm of Bali in the Sidemen Valley, a hidden paradise offering breathtaking countryside views with Mount Agung as its backdrop. Wander through lush green rice fields, follow the flow of crystal-clear rivers, and connect with the warm and welcoming local community. Sidemen is the perfect place to escape the hustle and bustle and discover true serenity.
",NULL,NULL,"2025-07-03 13:01:47","2025-07-03 13:31:55",NULL
"54","Devil's Tear","Nusa Lembongan Klungkung","Devil's Tear is a natural rock formation where powerful waves crash dramatically into a cliffside inlet. This phenomenon occurs due to the unique geology of the area, which forces large waves into a narrow crevice, causing the water to explode upward in a powerful burst. Visitors are advised to keep a safe distance from the edge of the cliff, as the waves are unpredictable and extremely strong. The surrounding area also features beautiful tide pools, especially visible during low tide. The sunset view from Devil’s Tear is considered one of the most dramatic in the Nusa Islands.","Witness the raw power of nature at Devil's Tear, Nusa Lembongan. At this dramatic cliffside, massive waves from the Indian Ocean crash against the rocks with incredible force, sending towering sprays of water into the air and creating rainbow effects amidst the mist. It's a spectacular spot to admire nature's grandeur, especially during sunset.
",NULL,NULL,"2025-07-03 13:02:27","2025-07-03 13:28:37",NULL
"55","Bali Bird Park","Kecamatan Sukawati, Gianyar","Bali Bird Park spans an area of two hectares and is designed to replicate the natural habitats of the birds it houses. The park is divided into several zones representing different regions of the world, such as South America, Africa, and Papua. In addition to observing birds inside the giant aviary enclosures, visitors can enjoy various interactive experiences, including ""Basic Instinct"" (a birds of prey show), ""Papua Rainforest Feeding,"" and photo opportunities with tame birds. The park also runs a successful breeding program for the Bali Starling and other endangered species.","Step into a vibrant world at Bali Bird Park, home to nearly 1,000 birds from 250 different species within a lush tropical garden. Interact directly with exotic birds, watch stunning wildlife shows, and learn about conservation efforts to protect rare species like the iconic Bali Starling. A fun and educational experience for the whole family.
",NULL,NULL,"2025-07-03 13:03:04","2025-07-03 13:29:36",NULL
"56","Diamond Beach","Kecamatan Nusa Penida, Klungkung","Diamond Beach is located on the eastern side of Nusa Penida and has only recently become accessible to tourists. Its main attraction is the staircase carved directly into the white limestone cliff, which has become a popular and iconic photo spot. The descent is quite steep and challenging, but the breathtaking views make the effort worthwhile. The beach below is stunning, often featuring a swing installed for photo opportunities. Due to potentially strong waves, visitors are advised to be cautious when swimming.","Descend the stairs carved into the limestone cliffs to reach the hidden paradise of Diamond Beach. This beach will greet you with flour-soft white sand, sparkling clear blue waters, and stunning views of jewel-shaped rock formations rising from the sea. A natural masterpiece that offers pure beauty and an unforgettable experience.
",NULL,NULL,"2025-07-03 13:03:40","2025-07-03 13:30:27",NULL
"57","Amed Beach","Amed, Karangasem","Bali Island is indeed famous for its diverse beaches. While the island is well known for its coastal attractions, East Bali also offers hidden gems worth visiting one of which is Amed Beach, known for its private and tranquil atmosphere. Amed is located in Abang District, Karangasem Regency, East Bali, and is primarily known for its stunning underwater scenery. The beach stretches for approximately 14 kilometers and spans across seven village areas. Unlike many other beaches in Bali, Amed is characterized by its black sand coastline. Life in Amed is much quieter compared to the bustling tourist areas like Kuta, making it a favorite destination for travelers seeking a peaceful and relaxing holiday experience.","Amed Beach is located on the eastern coast of Bali and is renowned for its peaceful atmosphere, traditional fishing boats, and beautiful coral reefs. The main activities for visitors here are diving and snorkeling, thanks to the clear seawater and rich marine biodiversity.
",NULL,NULL,"2025-07-03 13:06:10","2025-07-03 13:31:19",NULL
"58","Taman Ayun Temple","Mengwi, Badung","Taman Ayun Temple is one of the most beautiful and historic Hindu temple complexes in Bali, Indonesia. Located in Mengwi Village, Badung Regency, this temple stands as a silent witness to the former glory of the Mengwi Kingdom. The name ""Taman Ayun"" means ""beautiful garden"", which perfectly reflects its stunning scenery and captivating architecture. Built in the 17th century, Taman Ayun Temple served as the royal family temple of the Mengwi Kingdom. Its unique architectural design and lush gardens make it one of Bali’s must-visit cultural heritage sites.","Taman Ayun Temple was built in 1634 by the King of Mengwi, I Gusti Agung Putu. Its design reflects Balinese Hindu philosophy, with a layout divided into several courtyards or mandalas, symbolizing different levels of spiritual progression. The temple complex is surrounded by a wide moat that resembles a large pond, which once served both as a defensive barrier and a calming aesthetic element. Access to the temple is via a bridge that connects the parking area to the front courtyard.
",NULL,NULL,"2025-07-03 13:12:25","2025-07-03 13:12:25",NULL
"59","Broken Beach","Nusa Penida, Bali","Broken Beach, also known as Pasih Uug, is a stunning tourist destination in Bali. Located on Nusa Penida Island, this beach is famous for its spectacular cliff formations and a large natural archway in the center. What makes Broken Beach truly unique is its distinctive feature seawater flows into the area and forms a natural bay with no visible outlet. The view at Broken Beach is breathtaking, especially during sunset. Visitors can enjoy the expansive ocean panorama from atop the cliffs or explore the beautiful surroundings through a guided tour. Although swimming is not recommended due to the strong waves, the natural beauty of Broken Beach continues to captivate every traveler who visits.","Broken Beach is renowned for its stunning natural rock formation. The name ""Broken Beach"" comes from the large hole in the middle of a limestone cliff, which was naturally formed over time. This giant hole, with a diameter of several dozen meters, creates a natural pool resembling a beach at the base and center of the cliff. Seawater flows into this pool through an archway in the rock, creating a truly mesmerizing and picturesque view.
",NULL,NULL,"2025-07-03 13:46:08","2025-07-03 13:46:08",NULL
"60","Virgin Beach","Karangasem, Bali","Virgin Beach, also known as Perasi Beach, is a secluded beach that offers a peaceful holiday experience away from the crowds. Its hidden location makes it a favorite for travelers seeking full relaxation. Located in Bugbug Village, Karangasem, East Bali, Virgin Beach is known for its pristine natural surroundings and clean white sand, making it an ideal spot to unwind and enjoy the beauty of nature.","Virgin Beach, also known as Perasi Beach, is one of Bali's hidden gems located in Karangasem. This beach is famous for its pristine white sand and crystal-clear turquoise waters, creating a truly captivating view. Rocky cliffs adorned with lush green trees enhance the aesthetic beauty of this stunning coastal landscape.
",NULL,NULL,"2025-07-03 14:10:25","2025-07-03 14:10:25",NULL
"61","Asah Bugbug Hill","Bugbug, Karangasem","Asah Hill is one of the best spots to enjoy the sunrise and panoramic views of the Indian Ocean from above. It is popular for camping and photography due to its dramatic and natural scenery. Located in Bugbug Village, Karangasem District, Karangasem Regency, Bali, Asah Hill is a highland area that stretches out toward the sea, flanked by the steep Panggian Hill and a beach known as Bias Putih or Virgin Beach Bali. Kuan Island, shaped like a whale, lies directly in front of Asah Hill and is considered an icon of the are frequently used as a scenic background for visitors' photo sessions.","The Bukit Asah tourist attraction offers breathtaking natural beauty from atop the hill, where visitors can enjoy stunning views of the steep cliffs of Bukit Panggian, Kuan Island, terraced hills, Bias Putih Beach, and the open sea that holds countless hidden charms.
",NULL,NULL,"2025-07-03 14:20:51","2025-07-03 14:20:51",NULL
"62","Goa Lawah Temple","Klungkung, Bali","Goa Lawah is one of the most sacred temples in Bali, known for the natural cave located at the heart of its temple complex. It is often used as the site of important religious ceremonies for Balinese Hindus. The temple stands at the meeting point between the coastline and the hills, featuring a cave inhabited by thousands of bats. The ancient manuscript Lontar Padma Bhuwana mentions Goa Lawah Temple as one of the kayangan jagat (Sad Kahyangan) temples, serving as the sacred abode of Dewa Maheswara and Sanghyang Basukih, and functioning as a spiritual axis connecting the sea and the mountains.","Goa Lawah Temple was initially maintained and guarded by Gusti Batan Waringin, following the guidance of Ida Panataran, the son of Ida Tulus Dewa who served as a priest at Besakih Temple. This appointment was due to the spiritual connection between Goa Lawah and Besakih Temple. Goa Lawah is believed to be the exit point of Ida Bhatara Hyang Basukih from Mount Agung, specifically from Goa Raja, particularly when seeking purification (masucian) at the beach.
",NULL,NULL,"2025-07-03 14:24:39","2025-07-03 14:24:39",NULL
"63","Melasti Ungasan Beach","Ungasan, Badung","Melasti Beach features a winding access road carved between iconic limestone cliffs. Its white sand and clear blue sea make it a popular location for pre-wedding photoshoots and family recreation. Located in the southern part of Bali, Melasti Beach is a tourist destination in a hilly limestone area, offering an alternative to Sanur and Kuta. The beach is not far from I Gusti Ngurah Rai International Airport. Access to the beach is supported by well-paved roads, although the route is winding and occasionally narrow.","Melasti Beach derives its name from the Melasti purification ceremony frequently performed there by the Hindu community in Bali. According to the Jurnal Destinasi Pariwisata, the beach initially lacked any tourism facilities.
",NULL,NULL,"2025-07-03 14:29:07","2025-07-03 14:54:52",NULL
"64","Penglipuran Village","Bangli, Bali","Penglipuran is known as a cultural tourism village that preserves ancient Balinese traditions. Its well organized layout and traditional architectural style make it a true example of cultural preservation. Located in Bangli Regency, Bali Province, Penglipuran is one of Bali’s traditional villages. It is renowned as a tourist destination where the community still practices and preserves traditional Balinese culture in their daily lives. The village’s architecture and land management are still based on the Tri Hita Karana philosophy Balinese wisdom that emphasizes harmony between God, humans, and the environment. The community has successfully built a tourism model that benefits all its members while maintaining their cultural identity and traditions.","Land management in Penglipuran Village is greatly influenced by the concept of Tri Mandala. According to this concept, the land is divided into three zones based on their level of sanctity. These zones are then arranged according to a spiritual orientation known as ""Kaja Kelod"", which represents the direction from the sacred (mountainward) to the profane (seaward).
",NULL,NULL,"2025-07-03 14:32:34","2025-07-07 11:13:22",NULL
"65","Aling-Aling Waterfall","Sambangan, Buleleng","Aling-Aling Waterfall stands at approximately 35 meters tall, with a stream that splits into two separate flows. This site is well-known for fun and safe activities such as body sliding and cliff jumping. Aling-Aling Waterfall is one of the natural wonders on the Island of the Gods, Bali, Indonesia. Located in Sambangan Village, Buleleng, the waterfall offers a captivating experience for its visitors.","One of the main attractions of Aling-Aling Waterfall is the opportunity to experience the thrill of sliding down its water flow. Visitors can choose to enjoy the water and explore the waterfall in a unique way, such as body sliding or canyoning. These activities offer a sense of adventure and excitement, making it a favorite for true adventurers.
",NULL,NULL,"2025-07-03 14:36:55","2025-07-03 14:36:55",NULL
"66","Abang Mount","Kintamani, Bangli","Mount Abang is part of the Batur caldera and offers a hiking trail that is relatively less crowded. From its summit, hikers can enjoy breathtaking panoramic views of both Lake Batur and Mount Agung at the same time. Mount Abang stands at an elevation of 2,151 meters and is located in Abangsongan Village, Kintamani District, Bangli Regency, on the island of Bali, Indonesia.","Mount Abang is the third highest peak on the island of Bali, after Mount Agung and Mount Batukaru. It is a popular destination for mountain trekking enthusiasts, as it is considered safe to climb due to being an inactive volcano. Along the scenic hiking trail, which offers breathtaking views of untouched mountain landscapes, there is a temple that serves as a place of worship for Hindus.
",NULL,NULL,"2025-07-03 14:39:12","2025-07-03 14:39:12",NULL
"67","Balangan Beach","Jimbaran, Badung","Balangan Beach is popular among surfers due to its high and powerful waves. The cliff area is also an excellent spot for photography, especially with the backdrop of a stunning sunset. Additionally, the visible activity of I Gusti Ngurah Rai International Airport from Balangan Beach adds a unique charm to the beach itself. On the eastern side, you’ll find high cliffs with curves shaped by wave erosion, while the western side is bordered by tall cliffs covered in lush vegetation, including palm trees.","This beach is not too crowded with visitors due to its location being far from residential areas. However, this is exactly what makes Balangan Beach one of the beaches that still feels natural and clean.
",NULL,NULL,"2025-07-03 14:51:19","2025-07-03 14:51:19",NULL
"68","Suluban Beach","Pecatu, Badung","Suluban Beach, also known as Blue Point Beach, is famous for its stunning turquoise waters. Its unique access through coral caves makes it an exotic location, highly favored by photographers. Suluban Beach is located on Jalan Pantai Suluban, Pecatu Village, South Kuta, Badung, Bali. It is approximately 31 kilometers from Denpasar, with a travel time of around 67 minutes by motor vehicle.","Suluban Beach is one of the tourist attractions that has become a favorite among surfers due to its challenging waves. Every day, especially when the weather is clear, the beach is crowded with surfers, both professionals and beginners.
",NULL,NULL,"2025-07-03 14:53:51","2025-07-03 14:53:51",NULL
